{
		"_id" : "Male",
		"value" : {
			"averageHeight" : 167.0800817221449,
			"averageWeight" : 70.00180785329881
		}
	},
	{
		"_id" : "Female",
		"value" : {
			"averageHeight" : 167.12617499498276,
			"averageWeight" : 70.11384105960275
		}
	}